url,length,dots,hyphens,ats,login_count,secure_count,update_count,bank_count,domain_length,label
https://example.com,20,2,0,0,0,0,0,0,12,0
http://phishingsite.com,25,3,1,0,1,1,1,1,15,1
https://secure-login.com,18,2,0,0,0,1,0,0,13,0
http://malicious-website.com,30,4,2,0,0,0,0,0,18,1
https://bank.com,25,2,0,0,0,0,0,1,9,0
http://fakebanking.com,28,3,1,0,0,0,0,0,18,1
https://mysecureaccount.com,22,2,0,0,0,1,0,0,17,0
http://untrustworthy-site.com,35,4,1,0,0,0,0,0,23,1
https://amazon.com,22,2,0,0,0,0,0,0,14,0
http://scam-site.com,27,3,1,0,0,0,0,0,15,1
https://paypal.com,16,2,0,0,0,0,0,0,15,0
http://suspicious-link.com,31,3,1,0,0,0,0,0,23,1
https://github.com,19,2,0,0,0,0,0,0,19,0
http://fraudulent-activity.com,34,4,2,0,0,0,0,0,24,1
https://microsoft.com,21,2,0,0,0,0,0,0,17,0
http://phishing-example.com,27,3,1,0,0,0,0,0,27,1
https://apple.com,20,2,0,0,0,0,0,0,17,0
http://dangerous-site.com,30,3,1,0,0,0,0,0,18,1
https://yahoo.com,18,2,0,0,0,0,0,0,18,0
http://malware-site.com,31,4,2,0,0,0,0,0,23,1
https://office.com,18,2,0,0,0,0,0,0,18,0
http://scam-example.com,32,3,1,0,0,0,0,0,25,1
https://zoom.us,12,2,0,0,0,0,0,0,12,0
http://fake-login.com,25,3,1,0,0,0,0,0,24,1
https://twitter.com,19,2,0,0,0,0,0,0,21,0
http://deceptive-site.com,29,3,1,0,0,0,0,0,23,1
https://linkedin.com,19,2,0,0,0,0,0,0,21,0
http://phishing-test.com,24,3,1,0,0,0,0,0,20,1
https://reddit.com,15,2,0,0,0,0,0,0,16,0
http://baddomain.com,25,3,1,0,0,0,0,0,22,1
